{
	"version":"Sample 1.0.0",
	"model":"model.moc",
	"textures":[
		"model.1024/texture_00.png"
	],
	"motions":{
		"idle":[
			{"file":"motions/daiji_idle_01.mtn",
			 "fade_in": 0,
			 "fade_out": 0}
		],
		"tap_body":[
			{"file":"motions/wedding.mtn",
			 "sound":"sounds/s.mp3",
			"text": "",
			"fade_in": 0,
			"fade_out": 0}
		],
		"tap_head": [{
			"file": "motions/touch2.mtn",
			"text": "lalala",
			"sound":"sounds/v.mp3",
			"fade_in": 0,
			"fade_out": 0
		}]
	},
	"physics":"physics.json",
	
	"hit_areas":[
			{"name":"head","id":"D_REF.HEAD"},
			{"name":"body","id":"D_REF.BODY"},
			{"name":"hand","id":"D_REF.HAND"}
			]
}