{
	"经典表情": [
		{
			"icon": "assets/images/owo/QQ/0.gif",
			"text": "$[经典表情]::(惊讶)"
		},
		{
			"icon": "assets/images/owo/QQ/1.gif",
			"text": "$[经典表情]::(撇嘴)"
		},
		{
			"icon": "assets/images/owo/QQ/2.gif",
			"text": "$[经典表情]::(色)"
		},
		{
			"icon": "assets/images/owo/QQ/3.gif",
			"text": "$[经典表情]::(发呆)"
		},
		{
			"icon": "assets/images/owo/QQ/4.gif",
			"text": "$[经典表情]::(得意)"
		},
		{
			"icon": "assets/images/owo/QQ/5.gif",
			"text": "$[经典表情]::(流泪)"
		},
		{
			"icon": "assets/images/owo/QQ/6.gif",
			"text": "$[经典表情]::(害羞)"
		},
		{
			"icon": "assets/images/owo/QQ/7.gif",
			"text": "$[经典表情]::(闭嘴)"
		},
		{
			"icon": "assets/images/owo/QQ/8.gif",
			"text": "$[经典表情]::(睡)"
		},
		{
			"icon": "assets/images/owo/QQ/9.gif",
			"text": "$[经典表情]::(大哭)"
		},
		{
			"icon": "assets/images/owo/QQ/10.gif",
			"text": "$[经典表情]::(尴尬)"
		},
		{
			"icon": "assets/images/owo/QQ/11.gif",
			"text": "$[经典表情]::(发怒)"
		},
		{
			"icon": "assets/images/owo/QQ/12.gif",
			"text": "$[经典表情]::(调皮)"
		},
		{
			"icon": "assets/images/owo/QQ/13.gif",
			"text": "$[经典表情]::(呲牙)"
		},
		{
			"icon": "assets/images/owo/QQ/14.gif",
			"text": "$[经典表情]::(微笑)"
		},
		{
			"icon": "assets/images/owo/QQ/15.png",
			"text": "$[经典表情]::(难过)"
		},
		{
			"icon": "assets/images/owo/QQ/16.gif",
			"text": "$[经典表情]::(酷)"
		},
		{
			"icon": "assets/images/owo/QQ/18.gif",
			"text": "$[经典表情]::(抓狂)"
		},
		{
			"icon": "assets/images/owo/QQ/19.gif",
			"text": "$[经典表情]::(吐)"
		},
		{
			"icon": "assets/images/owo/QQ/20.gif",
			"text": "$[经典表情]::(偷笑)"
		},
		{
			"icon": "assets/images/owo/QQ/21.gif",
			"text": "$[经典表情]::(可爱)"
		},
		{
			"icon": "assets/images/owo/QQ/22.gif",
			"text": "$[经典表情]::(白眼)"
		},
		{
			"icon": "assets/images/owo/QQ/23.gif",
			"text": "$[经典表情]::(傲慢)"
		},
		{
			"icon": "assets/images/owo/QQ/24.gif",
			"text": "$[经典表情]::(饥饿)"
		},
		{
			"icon": "assets/images/owo/QQ/25.gif",
			"text": "$[经典表情]::(困)"
		},
		{
			"icon": "assets/images/owo/QQ/26.gif",
			"text": "$[经典表情]::(惊恐)"
		},
		{
			"icon": "assets/images/owo/QQ/27.gif",
			"text": "$[经典表情]::(流汗)"
		},
		{
			"icon": "assets/images/owo/QQ/28.gif",
			"text": "$[经典表情]::(憨笑)"
		},
		{
			"icon": "assets/images/owo/QQ/29.gif",
			"text": "$[经典表情]::(悠闲)"
		},
		{
			"icon": "assets/images/owo/QQ/30.gif",
			"text": "$[经典表情]::(奋斗)"
		},
		{
			"icon": "assets/images/owo/QQ/31.gif",
			"text": "$[经典表情]::(咒骂)"
		},
		{
			"icon": "assets/images/owo/QQ/32.gif",
			"text": "$[经典表情]::(疑问)"
		},
		{
			"icon": "assets/images/owo/QQ/33.gif",
			"text": "$[经典表情]::(嘘)"
		},
		{
			"icon": "assets/images/owo/QQ/34.gif",
			"text": "$[经典表情]::(晕)"
		},
		{
			"icon": "assets/images/owo/QQ/35.gif",
			"text": "$[经典表情]::(折磨)"
		},
		{
			"icon": "assets/images/owo/QQ/36.png",
			"text": "$[经典表情]::(衰)"
		},
		{
			"icon": "assets/images/owo/QQ/37.gif",
			"text": "$[经典表情]::(骷髅)"
		},
		{
			"icon": "assets/images/owo/QQ/38.gif",
			"text": "$[经典表情]::(敲打)"
		},
		{
			"icon": "assets/images/owo/QQ/39.gif",
			"text": "$[经典表情]::(再见)"
		},
		{
			"icon": "assets/images/owo/QQ/41.png",
			"text": "$[经典表情]::(发抖)"
		},
		{
			"icon": "assets/images/owo/QQ/42.gif",
			"text": "$[经典表情]::(爱情)"
		},
		{
			"icon": "assets/images/owo/QQ/43.gif",
			"text": "$[经典表情]::(跳跳)"
		},
		{
			"icon": "assets/images/owo/QQ/46.gif",
			"text": "$[经典表情]::(猪头)"
		},
		{
			"icon": "assets/images/owo/QQ/49.gif",
			"text": "$[经典表情]::(拥抱)"
		},
		{
			"icon": "assets/images/owo/QQ/53.gif",
			"text": "$[经典表情]::(蛋糕)"
		},
		{
			"icon": "assets/images/owo/QQ/55.gif",
			"text": "$[经典表情]::(炸弹)"
		},
		{
			"icon": "assets/images/owo/QQ/56.png",
			"text": "$[经典表情]::(刀)"
		},
		{
			"icon": "assets/images/owo/QQ/59.gif",
			"text": "$[经典表情]::(便便)"
		},
		{
			"icon": "assets/images/owo/QQ/60.gif",
			"text": "$[经典表情]::(咖啡)"
		},
		{
			"icon": "assets/images/owo/QQ/63.gif",
			"text": "$[经典表情]::(玫瑰)"
		},
		{
			"icon": "assets/images/owo/QQ/64.gif",
			"text": "$[经典表情]::(凋谢)"
		},
		{
			"icon": "assets/images/owo/QQ/66.gif",
			"text": "$[经典表情]::(爱心)"
		},
		{
			"icon": "assets/images/owo/QQ/67.gif",
			"text": "$[经典表情]::(心碎)"
		},
		{
			"icon": "assets/images/owo/QQ/74.gif",
			"text": "$[经典表情]::(太阳)"
		},
		{
			"icon": "assets/images/owo/QQ/75.gif",
			"text": "$[经典表情]::(月亮)"
		},
		{
			"icon": "assets/images/owo/QQ/76.gif",
			"text": "$[经典表情]::(赞)"
		},
		{
			"icon": "assets/images/owo/QQ/77.gif",
			"text": "$[经典表情]::(踩)"
		},
		{
			"icon": "assets/images/owo/QQ/78.gif",
			"text": "$[经典表情]::(握手)"
		},
		{
			"icon": "assets/images/owo/QQ/79.gif",
			"text": "$[经典表情]::(胜利)"
		},
		{
			"icon": "assets/images/owo/QQ/85.png",
			"text": "$[经典表情]::(飞吻)"
		},
		{
			"icon": "assets/images/owo/QQ/86.gif",
			"text": "$[经典表情]::(怄火)"
		},
		{
			"icon": "assets/images/owo/QQ/89.gif",
			"text": "$[经典表情]::(西瓜)"
		},
		{
			"icon": "assets/images/owo/QQ/96.gif",
			"text": "$[经典表情]::(冷汗)"
		},
		{
			"icon": "assets/images/owo/QQ/97.gif",
			"text": "$[经典表情]::(擦汗)"
		},
		{
			"icon": "assets/images/owo/QQ/98.gif",
			"text": "$[经典表情]::(抠鼻)"
		},
		{
			"icon": "assets/images/owo/QQ/99.gif",
			"text": "$[经典表情]::(鼓掌)"
		},
		{
			"icon": "assets/images/owo/QQ/100.gif",
			"text": "$[经典表情]::(糗大了)"
		},
		{
			"icon": "assets/images/owo/QQ/101.gif",
			"text": "$[经典表情]::(坏笑)"
		},
		{
			"icon": "assets/images/owo/QQ/102.gif",
			"text": "$[经典表情]::(左哼哼)"
		},
		{
			"icon": "assets/images/owo/QQ/103.gif",
			"text": "$[经典表情]::(右哼哼)"
		},
		{
			"icon": "assets/images/owo/QQ/104.gif",
			"text": "$[经典表情]::(哈欠)"
		},
		{
			"icon": "assets/images/owo/QQ/105.gif",
			"text": "$[经典表情]::(鄙视)"
		},
		{
			"icon": "assets/images/owo/QQ/106.gif",
			"text": "$[经典表情]::(委屈)"
		},
		{
			"icon": "assets/images/owo/QQ/107.gif",
			"text": "$[经典表情]::(快哭了)"
		},
		{
			"icon": "assets/images/owo/QQ/108.gif",
			"text": "$[经典表情]::(阴险)"
		},
		{
			"icon": "assets/images/owo/QQ/109.gif",
			"text": "$[经典表情]::(左亲亲)"
		},
		{
			"icon": "assets/images/owo/QQ/110.gif",
			"text": "$[经典表情]::(吓)"
		},
		{
			"icon": "assets/images/owo/QQ/111.gif",
			"text": "$[经典表情]::(可怜)"
		},
		{
			"icon": "assets/images/owo/QQ/112.png",
			"text": "$[经典表情]::(菜刀)"
		},
		{
			"icon": "assets/images/owo/QQ/114.gif",
			"text": "$[经典表情]::(篮球)"
		},
		{
			"icon": "assets/images/owo/QQ/116.gif",
			"text": "$[经典表情]::(示爱)"
		},
		{
			"icon": "assets/images/owo/QQ/118.gif",
			"text": "$[经典表情]::(抱拳)"
		},
		{
			"icon": "assets/images/owo/QQ/119.gif",
			"text": "$[经典表情]::(勾引)"
		},
		{
			"icon": "assets/images/owo/QQ/120.gif",
			"text": "$[经典表情]::(拳头)"
		},
		{
			"icon": "assets/images/owo/QQ/121.gif",
			"text": "$[经典表情]::(差劲)"
		},
		{
			"icon": "assets/images/owo/QQ/122.gif",
			"text": "$[经典表情]::(爱你)"
		},
		{
			"icon": "assets/images/owo/QQ/123.gif",
			"text": "$[经典表情]::(NO)"
		},
		{
			"icon": "assets/images/owo/QQ/124.gif",
			"text": "$[经典表情]::(OK)"
		},
		{
			"icon": "assets/images/owo/QQ/125.gif",
			"text": "$[经典表情]::(转圈)"
		},
		{
			"icon": "assets/images/owo/QQ/129.gif",
			"text": "$[经典表情]::(挥手)"
		},
		{
			"icon": "assets/images/owo/QQ/137.gif",
			"text": "$[经典表情]::(鞭炮)"
		},
		{
			"icon": "assets/images/owo/QQ/144.gif",
			"text": "$[经典表情]::(喝彩)"
		},
		{
			"icon": "assets/images/owo/QQ/146.gif",
			"text": "$[经典表情]::(爆筋)"
		},
		{
			"icon": "assets/images/owo/QQ/147.gif",
			"text": "$[经典表情]::(棒棒糖)"
		},
		{
			"icon": "assets/images/owo/QQ/148.gif",
			"text": "$[经典表情]::(喝奶)"
		},
		{
			"icon": "assets/images/owo/QQ/169.gif",
			"text": "$[经典表情]::(手枪)"
		},
		{
			"icon": "assets/images/owo/QQ/171.gif",
			"text": "$[经典表情]::(茶)"
		},
		{
			"icon": "assets/images/owo/QQ/172.gif",
			"text": "$[经典表情]::(眨眼睛)"
		},
		{
			"icon": "assets/images/owo/QQ/173.gif",
			"text": "$[经典表情]::(泪奔)"
		},
		{
			"icon": "assets/images/owo/QQ/174.gif",
			"text": "$[经典表情]::(无奈)"
		},
		{
			"icon": "assets/images/owo/QQ/175.gif",
			"text": "$[经典表情]::(卖萌)"
		},
		{
			"icon": "assets/images/owo/QQ/176.gif",
			"text": "$[经典表情]::(小纠结)"
		},
		{
			"icon": "assets/images/owo/QQ/177.gif",
			"text": "$[经典表情]::(喷血)"
		},
		{
			"icon": "assets/images/owo/QQ/178.gif",
			"text": "$[经典表情]::(斜眼笑)"
		},
		{
			"icon": "assets/images/owo/QQ/179.gif",
			"text": "$[经典表情]::(doge)"
		},
		{
			"icon": "assets/images/owo/QQ/180.gif",
			"text": "$[经典表情]::(惊喜)"
		},
		{
			"icon": "assets/images/owo/QQ/181.gif",
			"text": "$[经典表情]::(戳一戳)"
		},
		{
			"icon": "assets/images/owo/QQ/182.gif",
			"text": "$[经典表情]::(笑哭)"
		},
		{
			"icon": "assets/images/owo/QQ/183.gif",
			"text": "$[经典表情]::(我最美)"
		},
		{
			"icon": "assets/images/owo/QQ/185.gif",
			"text": "$[经典表情]::(羊驼)"
		},
		{
			"icon": "assets/images/owo/QQ/187.gif",
			"text": "$[经典表情]::(幽灵)"
		},
		{
			"icon": "assets/images/owo/QQ/193.png",
			"text": "$[经典表情]::(大笑)"
		},
		{
			"icon": "assets/images/owo/QQ/194.gif",
			"text": "$[经典表情]::(不开心)"
		},
		{
			"icon": "assets/images/owo/QQ/198.gif",
			"text": "$[经典表情]::(呃)"
		},
		{
			"icon": "assets/images/owo/QQ/200.gif",
			"text": "$[经典表情]::(求求)"
		},
		{
			"icon": "assets/images/owo/QQ/201.gif",
			"text": "$[经典表情]::(点赞)"
		},
		{
			"icon": "assets/images/owo/QQ/202.gif",
			"text": "$[经典表情]::(无聊)"
		},
		{
			"icon": "assets/images/owo/QQ/203.gif",
			"text": "$[经典表情]::(托脸)"
		},
		{
			"icon": "assets/images/owo/QQ/204.gif",
			"text": "$[经典表情]::(吃)"
		},
		{
			"icon": "assets/images/owo/QQ/206.gif",
			"text": "$[经典表情]::(害怕)"
		},
		{
			"icon": "assets/images/owo/QQ/210.gif",
			"text": "$[经典表情]::(飙泪)"
		},
		{
			"icon": "assets/images/owo/QQ/211.gif",
			"text": "$[经典表情]::(我不看)"
		},
		{
			"icon": "assets/images/owo/QQ/212.gif",
			"text": "$[经典表情]::(托腮)"
		},
		{
			"icon": "assets/images/owo/QQ/214.gif",
			"text": "$[经典表情]::(啵啵)"
		},
		{
			"icon": "assets/images/owo/QQ/215.gif",
			"text": "$[经典表情]::(糊脸)"
		},
		{
			"icon": "assets/images/owo/QQ/216.gif",
			"text": "$[经典表情]::(拍头)"
		},
		{
			"icon": "assets/images/owo/QQ/217.gif",
			"text": "$[经典表情]::(扯一扯)"
		},
		{
			"icon": "assets/images/owo/QQ/218.gif",
			"text": "$[经典表情]::(舔一舔)"
		},
		{
			"icon": "assets/images/owo/QQ/219.gif",
			"text": "$[经典表情]::(蹭一蹭)"
		},
		{
			"icon": "assets/images/owo/QQ/221.gif",
			"text": "$[经典表情]::(顶呱呱)"
		},
		{
			"icon": "assets/images/owo/QQ/222.gif",
			"text": "$[经典表情]::(抱抱)"
		},
		{
			"icon": "assets/images/owo/QQ/223.gif",
			"text": "$[经典表情]::(暴击)"
		},
		{
			"icon": "assets/images/owo/QQ/224.gif",
			"text": "$[经典表情]::(开枪)"
		},
		{
			"icon": "assets/images/owo/QQ/225.gif",
			"text": "$[经典表情]::(撩一撩)"
		},
		{
			"icon": "assets/images/owo/QQ/226.gif",
			"text": "$[经典表情]::(拍桌)"
		},
		{
			"icon": "assets/images/owo/QQ/227.gif",
			"text": "$[经典表情]::(拍手)"
		},
		{
			"icon": "assets/images/owo/QQ/229.gif",
			"text": "$[经典表情]::(干杯)"
		},
		{
			"icon": "assets/images/owo/QQ/230.gif",
			"text": "$[经典表情]::(嘲讽)"
		},
		{
			"icon": "assets/images/owo/QQ/231.gif",
			"text": "$[经典表情]::(哼)"
		},
		{
			"icon": "assets/images/owo/QQ/232.gif",
			"text": "$[经典表情]::(佛系)"
		},
		{
			"icon": "assets/images/owo/QQ/233.gif",
			"text": "$[经典表情]::(掐一掐)"
		},
		{
			"icon": "assets/images/owo/QQ/235.gif",
			"text": "$[经典表情]::(颤抖)"
		},
		{
			"icon": "assets/images/owo/QQ/237.gif",
			"text": "$[经典表情]::(偷看)"
		},
		{
			"icon": "assets/images/owo/QQ/238.gif",
			"text": "$[经典表情]::(扇脸)"
		},
		{
			"icon": "assets/images/owo/QQ/239.gif",
			"text": "$[经典表情]::(原谅)"
		},
		{
			"icon": "assets/images/owo/QQ/240.gif",
			"text": "$[经典表情]::(喷脸)"
		},
		{
			"icon": "assets/images/owo/QQ/241.gif",
			"text": "$[经典表情]::(生日快乐)"
		},
		{
			"icon": "assets/images/owo/QQ/243.gif",
			"text": "$[经典表情]::(甩头)"
		},
		{
			"icon": "assets/images/owo/QQ/244.gif",
			"text": "$[经典表情]::(扔狗)"
		},
		{
			"icon": "assets/images/owo/QQ/262.gif",
			"text": "$[经典表情]::(脑阔疼)"
		},
		{
			"icon": "assets/images/owo/QQ/263.gif",
			"text": "$[经典表情]::(沧桑)"
		},
		{
			"icon": "assets/images/owo/QQ/264.gif",
			"text": "$[经典表情]::(捂脸)"
		},
		{
			"icon": "assets/images/owo/QQ/265.gif",
			"text": "$[经典表情]::(辣眼睛)"
		},
		{
			"icon": "assets/images/owo/QQ/266.gif",
			"text": "$[经典表情]::(哦哟)"
		},
		{
			"icon": "assets/images/owo/QQ/267.gif",
			"text": "$[经典表情]::(头秃)"
		},
		{
			"icon": "assets/images/owo/QQ/268.gif",
			"text": "$[经典表情]::(问号脸)"
		},
		{
			"icon": "assets/images/owo/QQ/269.gif",
			"text": "$[经典表情]::(暗中观察)"
		},
		{
			"icon": "assets/images/owo/QQ/270.gif",
			"text": "$[经典表情]::(emm)"
		},
		{
			"icon": "assets/images/owo/QQ/271.gif",
			"text": "$[经典表情]::(吃瓜)"
		},
		{
			"icon": "assets/images/owo/QQ/272.gif",
			"text": "$[经典表情]::(呵呵哒)"
		},
		{
			"icon": "assets/images/owo/QQ/273.gif",
			"text": "$[经典表情]::(我酸了)"
		},
		{
			"icon": "assets/images/owo/QQ/277.gif",
			"text": "$[经典表情]::(汪汪)"
		},
		{
			"icon": "assets/images/owo/QQ/278.gif",
			"text": "$[经典表情]::(汗)"
		},
		{
			"icon": "assets/images/owo/QQ/281.gif",
			"text": "$[经典表情]::(无眼笑)"
		},
		{
			"icon": "assets/images/owo/QQ/282.gif",
			"text": "$[经典表情]::(敬礼)"
		},
		{
			"icon": "assets/images/owo/QQ/283.gif",
			"text": "$[经典表情]::(狂笑)"
		},
		{
			"icon": "assets/images/owo/QQ/284.gif",
			"text": "$[经典表情]::(面无表情)"
		},
		{
			"icon": "assets/images/owo/QQ/285.gif",
			"text": "$[经典表情]::(摸鱼)"
		},
		{
			"icon": "assets/images/owo/QQ/286.gif",
			"text": "$[经典表情]::(魔鬼笑)"
		},
		{
			"icon": "assets/images/owo/QQ/287.gif",
			"text": "$[经典表情]::(哦)"
		},
		{
			"icon": "assets/images/owo/QQ/288.gif",
			"text": "$[经典表情]::(请)"
		},
		{
			"icon": "assets/images/owo/QQ/289.gif",
			"text": "$[经典表情]::(睁眼)"
		},
		{
			"icon": "assets/images/owo/QQ/290.gif",
			"text": "$[经典表情]::(敲开心)"
		},
		{
			"icon": "assets/images/owo/QQ/292.gif",
			"text": "$[经典表情]::(让我康康)"
		},
		{
			"icon": "assets/images/owo/QQ/293.gif",
			"text": "$[经典表情]::(摸锦鲤)"
		},
		{
			"icon": "assets/images/owo/QQ/294.gif",
			"text": "$[经典表情]::(期待)"
		},
		{
			"icon": "assets/images/owo/QQ/295.gif",
			"text": "$[经典表情]::(拿到红包)"
		},
		{
			"icon": "assets/images/owo/QQ/297.gif",
			"text": "$[经典表情]::(拜谢)"
		},
		{
			"icon": "assets/images/owo/QQ/298.gif",
			"text": "$[经典表情]::(元宝)"
		},
		{
			"icon": "assets/images/owo/QQ/299.gif",
			"text": "$[经典表情]::(牛啊)"
		},
		{
			"icon": "assets/images/owo/QQ/300.gif",
			"text": "$[经典表情]::(胖三斤)"
		},
		{
			"icon": "assets/images/owo/QQ/301.gif",
			"text": "$[经典表情]::(好闪)"
		},
		{
			"icon": "assets/images/owo/QQ/302.gif",
			"text": "$[经典表情]::(左拜年)"
		},
		{
			"icon": "assets/images/owo/QQ/303.gif",
			"text": "$[经典表情]::(右拜年)"
		},
		{
			"icon": "assets/images/owo/QQ/305.gif",
			"text": "$[经典表情]::(右亲亲)"
		},
		{
			"icon": "assets/images/owo/QQ/306.gif",
			"text": "$[经典表情]::(牛气冲天)"
		},
		{
			"icon": "assets/images/owo/QQ/307.gif",
			"text": "$[经典表情]::(喵喵)"
		},
		{
			"icon": "assets/images/owo/QQ/311.gif",
			"text": "$[经典表情]::(打call)"
		},
		{
			"icon": "assets/images/owo/QQ/312.gif",
			"text": "$[经典表情]::(变形)"
		},
		{
			"icon": "assets/images/owo/QQ/314.gif",
			"text": "$[经典表情]::(仔细分析)"
		},
		{
			"icon": "assets/images/owo/QQ/317.gif",
			"text": "$[经典表情]::(菜汪)"
		},
		{
			"icon": "assets/images/owo/QQ/318.gif",
			"text": "$[经典表情]::(崇拜)"
		},
		{
			"icon": "assets/images/owo/QQ/319.gif",
			"text": "$[经典表情]::(比心)"
		},
		{
			"icon": "assets/images/owo/QQ/320.gif",
			"text": "$[经典表情]::(庆祝)"
		},
		{
			"icon": "assets/images/owo/QQ/322.gif",
			"text": "$[经典表情]::(拒绝)"
		},
		{
			"icon": "assets/images/owo/QQ/323.gif",
			"text": "$[经典表情]::(嫌弃)"
		},
		{
			"icon": "assets/images/owo/QQ/324.gif",
			"text": "$[经典表情]::(吃糖)"
		},
		{
			"icon": "assets/images/owo/QQ/325.gif",
			"text": "$[经典表情]::(惊吓)"
		},
		{
			"icon": "assets/images/owo/QQ/326.gif",
			"text": "$[经典表情]::(生气)"
		},
		{
			"icon": "assets/images/owo/QQ/332.gif",
			"text": "$[经典表情]::(举牌牌)"
		},
		{
			"icon": "assets/images/owo/QQ/333.png",
			"text": "$[经典表情]::(烟花)"
		},
		{
			"icon": "assets/images/owo/QQ/334.png",
			"text": "$[经典表情]::(虎虎生威)"
		},
		{
			"icon": "assets/images/owo/QQ/336.png",
			"text": "$[经典表情]::(豹富)"
		},
		{
			"icon": "assets/images/owo/QQ/337.gif",
			"text": "$[经典表情]::(花朵脸)"
		},
		{
			"icon": "assets/images/owo/QQ/338.gif",
			"text": "$[经典表情]::(我想开了)"
		},
		{
			"icon": "assets/images/owo/QQ/339.gif",
			"text": "$[经典表情]::(舔屏)"
		},
		{
			"icon": "assets/images/owo/QQ/341.gif",
			"text": "$[经典表情]::(打招呼)"
		},
		{
			"icon": "assets/images/owo/QQ/342.gif",
			"text": "$[经典表情]::(酸Q)"
		},
		{
			"icon": "assets/images/owo/QQ/343.gif",
			"text": "$[经典表情]::(我方了)"
		},
		{
			"icon": "assets/images/owo/QQ/344.gif",
			"text": "$[经典表情]::(大怨种)"
		},
		{
			"icon": "assets/images/owo/QQ/345.gif",
			"text": "$[经典表情]::(红包多多)"
		},
		{
			"icon": "assets/images/owo/QQ/346.gif",
			"text": "$[经典表情]::(你真棒棒)"
		},
		{
			"icon": "assets/images/owo/QQ/347.png",
			"text": "$[经典表情]::(大展宏兔)"
		},
		{
			"icon": "assets/images/owo/QQ/348.png",
			"text": "$[经典表情]::(福萝卜)"
		},
		{
			"icon": "assets/images/owo/QQ/349.gif",
			"text": "$[经典表情]::(坚强)"
		},
		{
			"icon": "assets/images/owo/QQ/350.gif",
			"text": "$[经典表情]::(贴贴)"
		},
		{
			"icon": "assets/images/owo/QQ/351.gif",
			"text": "$[经典表情]::(敲敲)"
		},
		{
			"icon": "assets/images/owo/QQ/352.gif",
			"text": "$[经典表情]::(咦)"
		},
		{
			"icon": "assets/images/owo/QQ/353.gif",
			"text": "$[经典表情]::(拜托)"
		},
		{
			"icon": "assets/images/owo/QQ/354.gif",
			"text": "$[经典表情]::(尊嘟假嘟)"
		},
		{
			"icon": "assets/images/owo/QQ/355.gif",
			"text": "$[经典表情]::(耶)"
		},
		{
			"icon": "assets/images/owo/QQ/356.gif",
			"text": "$[经典表情]::(666)"
		},
		{
			"icon": "assets/images/owo/QQ/357.gif",
			"text": "$[经典表情]::(裂开)"
		},
		{
			"icon": "assets/images/owo/QQ/358.png",
			"text": "$[经典表情]::(骰子)"
		},
		{
			"icon": "assets/images/owo/QQ/359.png",
			"text": "$[经典表情]::(包剪锤)"
		},
		{
			"icon": "assets/images/owo/QQ/360.png",
			"text": "$[经典表情]::(亲亲)"
		},
		{
			"icon": "assets/images/owo/QQ/361.png",
			"text": "$[经典表情]::(狗狗笑哭)"
		},
		{
			"icon": "assets/images/owo/QQ/362.png",
			"text": "$[经典表情]::(好兄弟)"
		},
		{
			"icon": "assets/images/owo/QQ/363.png",
			"text": "$[经典表情]::(狗狗可怜)"
		},
		{
			"icon": "assets/images/owo/QQ/364.png",
			"text": "$[经典表情]::(超级赞)"
		},
		{
			"icon": "assets/images/owo/QQ/365.png",
			"text": "$[经典表情]::(狗狗生气)"
		},
		{
			"icon": "assets/images/owo/QQ/366.png",
			"text": "$[经典表情]::(芒狗)"
		},
		{
			"icon": "assets/images/owo/QQ/367.png",
			"text": "$[经典表情]::(狗狗疑问)"
		},
		{
			"icon": "assets/images/owo/QQ/368.png",
			"text": "$[经典表情]::(奥特笑哭)"
		},
		{
			"icon": "assets/images/owo/QQ/369.png",
			"text": "$[经典表情]::(彩虹)"
		},
		{
			"icon": "assets/images/owo/QQ/370.png",
			"text": "$[经典表情]::(祝贺)"
		},
		{
			"icon": "assets/images/owo/QQ/371.png",
			"text": "$[经典表情]::(冒泡)"
		},
		{
			"icon": "assets/images/owo/QQ/372.png",
			"text": "$[经典表情]::(气呼呼)"
		},
		{
			"icon": "assets/images/owo/QQ/373.png",
			"text": "$[经典表情]::(忙)"
		},
		{
			"icon": "assets/images/owo/QQ/374.png",
			"text": "$[经典表情]::(波波流泪)"
		},
		{
			"icon": "assets/images/owo/QQ/375.png",
			"text": "$[经典表情]::(超级鼓掌)"
		},
		{
			"icon": "assets/images/owo/QQ/376.png",
			"text": "$[经典表情]::(跺脚)"
		},
		{
			"icon": "assets/images/owo/QQ/377.png",
			"text": "$[经典表情]::(嗨)"
		},
		{
			"icon": "assets/images/owo/QQ/378.png",
			"text": "$[经典表情]::(企鹅笑哭)"
		},
		{
			"icon": "assets/images/owo/QQ/379.png",
			"text": "$[经典表情]::(企鹅流泪)"
		},
		{
			"icon": "assets/images/owo/QQ/380.png",
			"text": "$[经典表情]::(真棒)"
		},
		{
			"icon": "assets/images/owo/QQ/381.png",
			"text": "$[经典表情]::(路过)"
		},
		{
			"icon": "assets/images/owo/QQ/382.png",
			"text": "$[经典表情]::(emo)"
		},
		{
			"icon": "assets/images/owo/QQ/383.png",
			"text": "$[经典表情]::(企鹅爱心)"
		},
		{
			"icon": "assets/images/owo/QQ/384.png",
			"text": "$[经典表情]::(晚安)"
		},
		{
			"icon": "assets/images/owo/QQ/385.png",
			"text": "$[经典表情]::(太气了)"
		},
		{
			"icon": "assets/images/owo/QQ/386.png",
			"text": "$[经典表情]::(呜呜呜)"
		},
		{
			"icon": "assets/images/owo/QQ/387.png",
			"text": "$[经典表情]::(太好笑)"
		},
		{
			"icon": "assets/images/owo/QQ/388.png",
			"text": "$[经典表情]::(太头疼)"
		},
		{
			"icon": "assets/images/owo/QQ/389.png",
			"text": "$[经典表情]::(太赞了)"
		},
		{
			"icon": "assets/images/owo/QQ/390.png",
			"text": "$[经典表情]::(太头秃)"
		},
		{
			"icon": "assets/images/owo/QQ/391.png",
			"text": "$[经典表情]::(太沧桑)"
		},
		{
			"icon": "assets/images/owo/QQ/392.png",
			"text": "$[经典表情]::(龙年快乐)"
		},
		{
			"icon": "assets/images/owo/QQ/393.png",
			"text": "$[经典表情]::(新年中龙)"
		},
		{
			"icon": "assets/images/owo/QQ/394.png",
			"text": "$[经典表情]::(新年大龙)"
		},
		{
			"icon": "assets/images/owo/QQ/395.png",
			"text": "$[经典表情]::(略略略)"
		},
		{
			"icon": "assets/images/owo/QQ/396.png",
			"text": "$[经典表情]::(狼狗)"
		},
		{
			"icon": "assets/images/owo/QQ/397.png",
			"text": "$[经典表情]::(抛媚眼)"
		},
		{
			"icon": "assets/images/owo/QQ/398.png",
			"text": "$[经典表情]::(超级ok)"
		},
		{
			"icon": "assets/images/owo/QQ/399.png",
			"text": "$[经典表情]::(tui)"
		},
		{
			"icon": "assets/images/owo/QQ/400.png",
			"text": "$[经典表情]::(快乐)"
		},
		{
			"icon": "assets/images/owo/QQ/401.png",
			"text": "$[经典表情]::(超级转圈)"
		},
		{
			"icon": "assets/images/owo/QQ/402.png",
			"text": "$[经典表情]::(别说话)"
		},
		{
			"icon": "assets/images/owo/QQ/403.png",
			"text": "$[经典表情]::(出去玩)"
		},
		{
			"icon": "assets/images/owo/QQ/404.png",
			"text": "$[经典表情]::(闪亮登场)"
		},
		{
			"icon": "assets/images/owo/QQ/405.png",
			"text": "$[经典表情]::(好运来)"
		},
		{
			"icon": "assets/images/owo/QQ/406.png",
			"text": "$[经典表情]::(姐是女王)"
		},
		{
			"icon": "assets/images/owo/QQ/407.png",
			"text": "$[经典表情]::(我听听)"
		},
		{
			"icon": "assets/images/owo/QQ/408.png",
			"text": "$[经典表情]::(臭美)"
		},
		{
			"icon": "assets/images/owo/QQ/409.png",
			"text": "$[经典表情]::(送你花花)"
		},
		{
			"icon": "assets/images/owo/QQ/410.png",
			"text": "$[经典表情]::(么么哒)"
		},
		{
			"icon": "assets/images/owo/QQ/411.png",
			"text": "$[经典表情]::(一起嗨)"
		},
		{
			"icon": "assets/images/owo/QQ/412.png",
			"text": "$[经典表情]::(开心)"
		},
		{
			"icon": "assets/images/owo/QQ/413.png",
			"text": "$[经典表情]::(摇起来)"
		},
		{
			"icon": "assets/images/owo/QQ/415.png",
			"text": "$[经典表情]::(划龙舟)"
		}
	],
	"emoji表情": [
		{
			"icon": "☀",
			"text": "晴天"
		},
		{
			"icon": "☁",
			"text": "云朵"
		},
		{
			"icon": "☎",
			"text": "电话"
		},
		{
			"icon": "☔",
			"text": "雨天"
		},
		{
			"icon": "☕",
			"text": "咖啡"
		},
		{
			"icon": "☝",
			"text": "向上"
		},
		{
			"icon": "☺",
			"text": "可爱"
		},
		{
			"icon": "♣",
			"text": "扑克"
		},
		{
			"icon": "♨",
			"text": "热"
		},
		{
			"icon": "⚡",
			"text": "闪电"
		},
		{
			"icon": "⛄",
			"text": "雪人"
		},
		{
			"icon": "⛪",
			"text": "教堂"
		},
		{
			"icon": "⛵",
			"text": "船"
		},
		{
			"icon": "✈",
			"text": "飞机"
		},
		{
			"icon": "✌",
			"text": "胜利"
		},
		{
			"icon": "✨",
			"text": "闪光"
		},
		{
			"icon": "❌",
			"text": "错误"
		},
		{
			"icon": "❔",
			"text": "问号"
		},
		{
			"icon": "❕",
			"text": "叹号"
		},
		{
			"icon": "⭐",
			"text": "星星"
		},
		{
			"icon": "⭕",
			"text": "正确"
		},
		{
			"icon": "〽",
			"text": "股票"
		},
		{
			"icon": "🀄",
			"text": "麻将"
		},
		{
			"icon": "🌂",
			"text": "雨伞"
		},
		{
			"icon": "🌙",
			"text": "月亮"
		},
		{
			"icon": "🌴",
			"text": "椰子树"
		},
		{
			"icon": "🌹",
			"text": "玫瑰"
		},
		{
			"icon": "🍉",
			"text": "西瓜"
		},
		{
			"icon": "🍊",
			"text": "橙子"
		},
		{
			"icon": "🍎",
			"text": "苹果"
		},
		{
			"icon": "🍓",
			"text": "草莓"
		},
		{
			"icon": "🍔",
			"text": "汉堡"
		},
		{
			"icon": "🍙",
			"text": "饭团"
		},
		{
			"icon": "🍚",
			"text": "米饭"
		},
		{
			"icon": "🍜",
			"text": "拉面"
		},
		{
			"icon": "🍝",
			"text": "意面"
		},
		{
			"icon": "🍞",
			"text": "面包"
		},
		{
			"icon": "🍟",
			"text": "薯条"
		},
		{
			"icon": "🍣",
			"text": "寿司"
		},
		{
			"icon": "🍧",
			"text": "刨冰"
		},
		{
			"icon": "🍳",
			"text": "煎蛋"
		},
		{
			"icon": "🍸",
			"text": "高脚杯"
		},
		{
			"icon": "🍺",
			"text": "啤酒"
		},
		{
			"icon": "🍻",
			"text": "干杯"
		},
		{
			"icon": "🎀",
			"text": "蝴蝶结"
		},
		{
			"icon": "🎂",
			"text": "蛋糕"
		},
		{
			"icon": "🎄",
			"text": "圣诞树"
		},
		{
			"icon": "🎈",
			"text": "气球"
		},
		{
			"icon": "🎉",
			"text": "庆祝"
		},
		{
			"icon": "🎤",
			"text": "话筒"
		},
		{
			"icon": "🎥",
			"text": "摄影机"
		},
		{
			"icon": "🎰",
			"text": "老虎机"
		},
		{
			"icon": "🎸",
			"text": "吉他"
		},
		{
			"icon": "🏆",
			"text": "奖杯"
		},
		{
			"icon": "🏠",
			"text": "家"
		},
		{
			"icon": "🏥",
			"text": "医院"
		},
		{
			"icon": "🏦",
			"text": "银行"
		},
		{
			"icon": "🏧",
			"text": "取款机"
		},
		{
			"icon": "🏨",
			"text": "酒店"
		},
		{
			"icon": "🏪",
			"text": "便利店"
		},
		{
			"icon": "🐎",
			"text": "骑马"
		},
		{
			"icon": "🐔",
			"text": "公鸡"
		},
		{
			"icon": "🏀",
			"text": "篮球"
		},
		{
			"icon": "🐙",
			"text": "章鱼"
		},
		{
			"icon": "🐚",
			"text": "海螺"
		},
		{
			"icon": "🐛",
			"text": "虫"
		},
		{
			"icon": "🐠",
			"text": "鱼"
		},
		{
			"icon": "🐤",
			"text": "小鸡"
		},
		{
			"icon": "🐧",
			"text": "企鹅"
		},
		{
			"icon": "🐨",
			"text": "树懒"
		},
		{
			"icon": "🐭",
			"text": "老鼠"
		},
		{
			"icon": "🐮",
			"text": "牛"
		},
		{
			"icon": "🐯",
			"text": "老虎"
		},
		{
			"icon": "🐳",
			"text": "鲸鱼"
		},
		{
			"icon": "🐵",
			"text": "猴"
		},
		{
			"icon": "🐶",
			"text": "狗"
		},
		{
			"icon": "🐷",
			"text": "猪"
		},
		{
			"icon": "🐸",
			"text": "青蛙"
		},
		{
			"icon": "👀",
			"text": "眼睛"
		},
		{
			"icon": "👂",
			"text": "耳朵"
		},
		{
			"icon": "👃",
			"text": "鼻子"
		},
		{
			"icon": "👄",
			"text": "嘴唇"
		},
		{
			"icon": "👆",
			"text": "向上"
		},
		{
			"icon": "👇",
			"text": "向下"
		},
		{
			"icon": "👈",
			"text": "向左"
		},
		{
			"icon": "👉",
			"text": "向右"
		},
		{
			"icon": "👊",
			"text": "拳头"
		},
		{
			"icon": "👌",
			"text": "好的"
		},
		{
			"icon": "👍",
			"text": "厉害"
		},
		{
			"icon": "👎",
			"text": "鄙视"
		},
		{
			"icon": "👏",
			"text": "鼓掌"
		},
		{
			"icon": "👑",
			"text": "皇冠"
		},
		{
			"icon": "👒",
			"text": "帽子"
		},
		{
			"icon": "👕",
			"text": "衣服"
		},
		{
			"icon": "👗",
			"text": "连衣裙"
		},
		{
			"icon": "👙",
			"text": "内衣"
		},
		{
			"icon": "👜",
			"text": "包"
		},
		{
			"icon": "👟",
			"text": "鞋子"
		},
		{
			"icon": "👠",
			"text": "高跟鞋"
		},
		{
			"icon": "👢",
			"text": "靴子"
		},
		{
			"icon": "👣",
			"text": "脚印"
		},
		{
			"icon": "👦",
			"text": "男孩"
		},
		{
			"icon": "👧",
			"text": "女孩"
		},
		{
			"icon": "👨",
			"text": "爸爸"
		},
		{
			"icon": "👩",
			"text": "妈妈"
		},
		{
			"icon": "👻",
			"text": "幽灵"
		},
		{
			"icon": "👼",
			"text": "天使"
		},
		{
			"icon": "💀",
			"text": "骷髅"
		},
		{
			"icon": "💄",
			"text": "口红"
		},
		{
			"icon": "💈",
			"text": "理发厅"
		},
		{
			"icon": "💉",
			"text": "打针"
		},
		{
			"icon": "💊",
			"text": "药丸"
		},
		{
			"icon": "💍",
			"text": "戒指"
		},
		{
			"icon": "💓",
			"text": "爱心"
		},
		{
			"icon": "💝",
			"text": "礼物"
		},
		{
			"icon": "💣",
			"text": "炸弹"
		},
		{
			"icon": "💤",
			"text": "睡觉"
		},
		{
			"icon": "💦",
			"text": "水"
		},
		{
			"icon": "💨",
			"text": "吹气"
		},
		{
			"icon": "💩",
			"text": "便便"
		},
		{
			"icon": "💪",
			"text": "肌肉"
		},
		{
			"icon": "💰",
			"text": "钱"
		},
		{
			"icon": "💻",
			"text": "电脑"
		},
		{
			"icon": "💿",
			"text": "光碟"
		},
		{
			"icon": "📠",
			"text": "传真"
		},
		{
			"icon": "📫",
			"text": "邮箱"
		},
		{
			"icon": "📱",
			"text": "手机"
		},
		{
			"icon": "📷",
			"text": "相机"
		},
		{
			"icon": "🔑",
			"text": "钥匙"
		},
		{
			"icon": "🔒",
			"text": "锁"
		},
		{
			"icon": "🔔",
			"text": "铃铛"
		},
		{
			"icon": "🔥",
			"text": "火"
		},
		{
			"icon": "🔫",
			"text": "手枪"
		},
		{
			"icon": "😁",
			"text": "呲牙"
		},
		{
			"icon": "😂",
			"text": "激动"
		},
		{
			"icon": "😄",
			"text": "高兴"
		},
		{
			"icon": "😉",
			"text": "媚眼"
		},
		{
			"icon": "😊",
			"text": "嘿嘿"
		},
		{
			"icon": "😌",
			"text": "羞涩"
		},
		{
			"icon": "😍",
			"text": "花痴"
		},
		{
			"icon": "😏",
			"text": "哼哼"
		},
		{
			"icon": "😒",
			"text": "不屑"
		},
		{
			"icon": "😓",
			"text": "汗"
		},
		{
			"icon": "😔",
			"text": "失落"
		},
		{
			"icon": "😘",
			"text": "飞吻"
		},
		{
			"icon": "😚",
			"text": "亲亲"
		},
		{
			"icon": "😜",
			"text": "淘气"
		},
		{
			"icon": "😝",
			"text": "吐舌"
		},
		{
			"icon": "😭",
			"text": "大哭"
		},
		{
			"icon": "😰",
			"text": "紧张"
		},
		{
			"icon": "😱",
			"text": "害怕"
		},
		{
			"icon": "😳",
			"text": "瞪眼"
		},
		{
			"icon": "🙏",
			"text": "合十"
		},
		{
			"icon": "🚀",
			"text": "火箭"
		},
		{
			"icon": "🚄",
			"text": "列车"
		},
		{
			"icon": "🚌",
			"text": "公交"
		},
		{
			"icon": "🚗",
			"text": "汽车"
		},
		{
			"icon": "🚤",
			"text": "快艇"
		},
		{
			"icon": "🚥",
			"text": "信号灯"
		},
		{
			"icon": "🚧",
			"text": "路障"
		},
		{
			"icon": "🚬",
			"text": "吸烟"
		},
		{
			"icon": "🚲",
			"text": "自行车"
		},
		{
			"icon": "🚹",
			"text": "男性"
		},
		{
			"icon": "🚺",
			"text": "女性"
		},
		{
			"icon": "🚽",
			"text": "马桶"
		},
		{
			"icon": "🛀",
			"text": "浴缸"
		}
	],
	"泡泡表情": [
		{
			"icon": "assets/images/owo/paopao/E591B5E591B5_2x.png",
			"text": "$[泡泡表情]::(呵呵)"
		},
		{
			"icon": "assets/images/owo/paopao/E59388E59388_2x.png",
			"text": "$[泡泡表情]::(哈哈)"
		},
		{
			"icon": "assets/images/owo/paopao/E59090E8888C_2x.png",
			"text": "$[泡泡表情]::(吐舌)"
		},
		{
			"icon": "assets/images/owo/paopao/E5A4AAE5BC80E5BF83_2x.png",
			"text": "$[泡泡表情]::(太开心)"
		},
		{
			"icon": "assets/images/owo/paopao/E7AC91E79CBC_2x.png",
			"text": "$[泡泡表情]::(笑眼)"
		},
		{
			"icon": "assets/images/owo/paopao/E88AB1E5BF83_2x.png",
			"text": "$[泡泡表情]::(花心)"
		},
		{
			"icon": "assets/images/owo/paopao/E5B08FE4B996_2x.png",
			"text": "$[泡泡表情]::(小乖)"
		},
		{
			"icon": "assets/images/owo/paopao/E4B996_2x.png",
			"text": "$[泡泡表情]::(乖)"
		},
		{
			"icon": "assets/images/owo/paopao/E68D82E598B4E7AC91_2x.png",
			"text": "$[泡泡表情]::(捂嘴笑)"
		},
		{
			"icon": "assets/images/owo/paopao/E6BB91E7A8BD_2x.png",
			"text": "$[泡泡表情]::(滑稽)"
		},
		{
			"icon": "assets/images/owo/paopao/E4BDA0E68782E79A84_2x.png",
			"text": "$[泡泡表情]::(你懂的)"
		},
		{
			"icon": "assets/images/owo/paopao/E4B88DE9AB98E585B4_2x.png",
			"text": "$[泡泡表情]::(不高兴)"
		},
		{
			"icon": "assets/images/owo/paopao/E68092_2x.png",
			"text": "$[泡泡表情]::(怒)"
		},
		{
			"icon": "assets/images/owo/paopao/E6B197_2x.png",
			"text": "$[泡泡表情]::(汗)"
		},
		{
			"icon": "assets/images/owo/paopao/E9BB91E7BABF_2x.png",
			"text": "$[泡泡表情]::(黑线)"
		},
		{
			"icon": "assets/images/owo/paopao/E6B3AA_2x.png",
			"text": "$[泡泡表情]::(泪)"
		},
		{
			"icon": "assets/images/owo/paopao/E79C9FE6A392_2x.png",
			"text": "$[泡泡表情]::(真棒)"
		},
		{
			"icon": "assets/images/owo/paopao/E596B7_2x.png",
			"text": "$[泡泡表情]::(喷)"
		},
		{
			"icon": "assets/images/owo/paopao/E6838AE593AD_2x.png",
			"text": "$[泡泡表情]::(惊哭)"
		},
		{
			"icon": "assets/images/owo/paopao/E998B4E999A9_2x.png",
			"text": "$[泡泡表情]::(阴险)"
		},
		{
			"icon": "assets/images/owo/paopao/E98499E8A786_2x.png",
			"text": "$[泡泡表情]::(鄙视)"
		},
		{
			"icon": "assets/images/owo/paopao/E985B7_2x.png",
			"text": "$[泡泡表情]::(酷)"
		},
		{
			"icon": "assets/images/owo/paopao/E5958A_2x.png",
			"text": "$[泡泡表情]::(啊)"
		},
		{
			"icon": "assets/images/owo/paopao/E78B82E6B197_2x.png",
			"text": "$[泡泡表情]::(狂汗)"
		},
		{
			"icon": "assets/images/owo/paopao/what_2x.png",
			"text": "$[泡泡表情]::(what)"
		},
		{
			"icon": "assets/images/owo/paopao/E79691E997AE_2x.png",
			"text": "$[泡泡表情]::(疑问)"
		},
		{
			"icon": "assets/images/owo/paopao/E985B8E788BD_2x.png",
			"text": "$[泡泡表情]::(酸爽)"
		},
		{
			"icon": "assets/images/owo/paopao/E59180E592A9E788B9_2x.png",
			"text": "$[泡泡表情]::(呀咩爹)"
		},
		{
			"icon": "assets/images/owo/paopao/E5A794E5B188_2x.png",
			"text": "$[泡泡表情]::(委屈)"
		},
		{
			"icon": "assets/images/owo/paopao/E6838AE8AEB6_2x.png",
			"text": "$[泡泡表情]::(惊讶)"
		},
		{
			"icon": "assets/images/owo/paopao/E79DA1E8A789_2x.png",
			"text": "$[泡泡表情]::(睡觉)"
		},
		{
			"icon": "assets/images/owo/paopao/E7AC91E5B0BF_2x.png",
			"text": "$[泡泡表情]::(笑尿)"
		},
		{
			"icon": "assets/images/owo/paopao/E68C96E9BCBB_2x.png",
			"text": "$[泡泡表情]::(挖鼻)"
		},
		{
			"icon": "assets/images/owo/paopao/E59090_2x.png",
			"text": "$[泡泡表情]::(吐)"
		},
		{
			"icon": "assets/images/owo/paopao/E78A80E588A9_2x.png",
			"text": "$[泡泡表情]::(犀利)"
		},
		{
			"icon": "assets/images/owo/paopao/E5B08FE7BAA2E884B8_2x.png",
			"text": "$[泡泡表情]::(小红脸)"
		},
		{
			"icon": "assets/images/owo/paopao/E68792E5BE97E79086_2x.png",
			"text": "$[泡泡表情]::(懒得理)"
		},
		{
			"icon": "assets/images/owo/paopao/E58B89E5BCBA_2x.png",
			"text": "$[泡泡表情]::(勉强)"
		},
		{
			"icon": "assets/images/owo/paopao/E788B1E5BF83_2x.png",
			"text": "$[泡泡表情]::(爱心)"
		},
		{
			"icon": "assets/images/owo/paopao/E5BF83E7A28E_2x.png",
			"text": "$[泡泡表情]::(心碎)"
		},
		{
			"icon": "assets/images/owo/paopao/E78EABE791B0_2x.png",
			"text": "$[泡泡表情]::(玫瑰)"
		},
		{
			"icon": "assets/images/owo/paopao/E7A4BCE789A9_2x.png",
			"text": "$[泡泡表情]::(礼物)"
		},
		{
			"icon": "assets/images/owo/paopao/E5BDA9E899B9_2x.png",
			"text": "$[泡泡表情]::(彩虹)"
		},
		{
			"icon": "assets/images/owo/paopao/E5A4AAE998B3_2x.png",
			"text": "$[泡泡表情]::(太阳)"
		},
		{
			"icon": "assets/images/owo/paopao/E6989FE6989FE69C88E4BAAE_2x.png",
			"text": "$[泡泡表情]::(星星月亮)"
		},
		{
			"icon": "assets/images/owo/paopao/E992B1E5B881_2x.png",
			"text": "$[泡泡表情]::(钱币)"
		},
		{
			"icon": "assets/images/owo/paopao/E88CB6E69DAF_2x.png",
			"text": "$[泡泡表情]::(茶杯)"
		},
		{
			"icon": "assets/images/owo/paopao/E89B8BE7B395_2x.png",
			"text": "$[泡泡表情]::(蛋糕)"
		},
		{
			"icon": "assets/images/owo/paopao/E5A4A7E68B87E68C87_2x.png",
			"text": "$[泡泡表情]::(大拇指)"
		},
		{
			"icon": "assets/images/owo/paopao/E8839CE588A9_2x.png",
			"text": "$[泡泡表情]::(胜利)"
		},
		{
			"icon": "assets/images/owo/paopao/haha_2x.png",
			"text": "$[泡泡表情]::(haha)"
		},
		{
			"icon": "assets/images/owo/paopao/OK_2x.png",
			"text": "$[泡泡表情]::(OK)"
		},
		{
			"icon": "assets/images/owo/paopao/E6B299E58F91_2x.png",
			"text": "$[泡泡表情]::(沙发)"
		},
		{
			"icon": "assets/images/owo/paopao/E6898BE7BAB8_2x.png",
			"text": "$[泡泡表情]::(手纸)"
		},
		{
			"icon": "assets/images/owo/paopao/E9A699E89589_2x.png",
			"text": "$[泡泡表情]::(香蕉)"
		},
		{
			"icon": "assets/images/owo/paopao/E4BEBFE4BEBF_2x.png",
			"text": "$[泡泡表情]::(便便)"
		},
		{
			"icon": "assets/images/owo/paopao/E88DAFE4B8B8_2x.png",
			"text": "$[泡泡表情]::(药丸)"
		},
		{
			"icon": "assets/images/owo/paopao/E7BAA2E9A286E5B7BE_2x.png",
			"text": "$[泡泡表情]::(红领巾)"
		},
		{
			"icon": "assets/images/owo/paopao/E89CA1E7839B_2x.png",
			"text": "$[泡泡表情]::(蜡烛)"
		},
		{
			"icon": "assets/images/owo/paopao/E99FB3E4B990_2x.png",
			"text": "$[泡泡表情]::(音乐)"
		},
		{
			"icon": "assets/images/owo/paopao/E781AFE6B3A1_2x.png",
			"text": "$[泡泡表情]::(灯泡)"
		},
		{
			"icon": "assets/images/owo/paopao/E5BC80E5BF83_2x.png",
			"text": "$[泡泡表情]::(开心)"
		},
		{
			"icon": "assets/images/owo/paopao/E992B1_2x.png",
			"text": "$[泡泡表情]::(钱)"
		},
		{
			"icon": "assets/images/owo/paopao/E592A6_2x.png",
			"text": "$[泡泡表情]::(咦)"
		},
		{
			"icon": "assets/images/owo/paopao/E591BC_2x.png",
			"text": "$[泡泡表情]::(呼)"
		},
		{
			"icon": "assets/images/owo/paopao/E586B7_2x.png",
			"text": "$[泡泡表情]::(冷)"
		},
		{
			"icon": "assets/images/owo/paopao/E7949FE6B094_2x.png",
			"text": "$[泡泡表情]::(生气)"
		},
		{
			"icon": "assets/images/owo/paopao/E5BCB1_2x.png",
			"text": "$[泡泡表情]::(弱)"
		},
		{
			"icon": "assets/images/owo/paopao/E78B97E5A4B4_2x.png",
			"text": "$[泡泡表情]::(狗头)"
		},
		{
			"icon": "assets/images/owo/paopao/E585ACE9B8A1_2x.png",
			"text": "$[泡泡表情]::(公鸡)"
		}
	],
	"阿鲁表情": [
		{
			"icon": "assets/images/owo/aru/E9AB98E585B4_2x.png",
			"text": "$[阿鲁表情]::(高兴)"
		},
		{
			"icon": "assets/images/owo/aru/E5B08FE68092_2x.png",
			"text": "$[阿鲁表情]::(小怒)"
		},
		{
			"icon": "assets/images/owo/aru/E884B8E7BAA2_2x.png",
			"text": "$[阿鲁表情]::(脸红)"
		},
		{
			"icon": "assets/images/owo/aru/E58685E4BCA4_2x.png",
			"text": "$[阿鲁表情]::(内伤)"
		},
		{
			"icon": "assets/images/owo/aru/E8A385E5A4A7E6ACBE_2x.png",
			"text": "$[阿鲁表情]::(装大款)"
		},
		{
			"icon": "assets/images/owo/aru/E8B59EE4B880E4B8AA_2x.png",
			"text": "$[阿鲁表情]::(赞一个)"
		},
		{
			"icon": "assets/images/owo/aru/E5AEB3E7BE9E_2x.png",
			"text": "$[阿鲁表情]::(害羞)"
		},
		{
			"icon": "assets/images/owo/aru/E6B197_2x.png",
			"text": "$[阿鲁表情]::(汗)"
		},
		{
			"icon": "assets/images/owo/aru/E59090E8A180E58092E59CB0_2x.png",
			"text": "$[阿鲁表情]::(吐血倒地)"
		},
		{
			"icon": "assets/images/owo/aru/E6B7B1E6809D_2x.png",
			"text": "$[阿鲁表情]::(深思)"
		},
		{
			"icon": "assets/images/owo/aru/E4B88DE9AB98E585B4_2x.png",
			"text": "$[阿鲁表情]::(不高兴)"
		},
		{
			"icon": "assets/images/owo/aru/E697A0E8AFAD_2x.png",
			"text": "$[阿鲁表情]::(无语)"
		},
		{
			"icon": "assets/images/owo/aru/E4BAB2E4BAB2_2x.png",
			"text": "$[阿鲁表情]::(亲亲)"
		},
		{
			"icon": "assets/images/owo/aru/E58FA3E6B0B4_2x.png",
			"text": "$[阿鲁表情]::(口水)"
		},
		{
			"icon": "assets/images/owo/aru/E5B0B4E5B0AC_2x.png",
			"text": "$[阿鲁表情]::(尴尬)"
		},
		{
			"icon": "assets/images/owo/aru/E4B8ADE68C87_2x.png",
			"text": "$[阿鲁表情]::(中指)"
		},
		{
			"icon": "assets/images/owo/aru/E683B3E4B880E683B3_2x.png",
			"text": "$[阿鲁表情]::(想一想)"
		},
		{
			"icon": "assets/images/owo/aru/E593ADE6B3A3_2x.png",
			"text": "$[阿鲁表情]::(哭泣)"
		},
		{
			"icon": "assets/images/owo/aru/E4BEBFE4BEBF_2x.png",
			"text": "$[阿鲁表情]::(便便)"
		},
		{
			"icon": "assets/images/owo/aru/E78CAEE88AB1_2x.png",
			"text": "$[阿鲁表情]::(献花)"
		},
		{
			"icon": "assets/images/owo/aru/E79AB1E79C89_2x.png",
			"text": "$[阿鲁表情]::(皱眉)"
		},
		{
			"icon": "assets/images/owo/aru/E582BBE7AC91_2x.png",
			"text": "$[阿鲁表情]::(傻笑)"
		},
		{
			"icon": "assets/images/owo/aru/E78B82E6B197_2x.png",
			"text": "$[阿鲁表情]::(狂汗)"
		},
		{
			"icon": "assets/images/owo/aru/E59090_2x.png",
			"text": "$[阿鲁表情]::(吐)"
		},
		{
			"icon": "assets/images/owo/aru/E596B7E6B0B4_2x.png",
			"text": "$[阿鲁表情]::(喷水)"
		},
		{
			"icon": "assets/images/owo/aru/E79C8BE4B88DE8A781_2x.png",
			"text": "$[阿鲁表情]::(看不见)"
		},
		{
			"icon": "assets/images/owo/aru/E9BC93E68E8C_2x.png",
			"text": "$[阿鲁表情]::(鼓掌)"
		},
		{
			"icon": "assets/images/owo/aru/E998B4E69A97_2x.png",
			"text": "$[阿鲁表情]::(阴暗)"
		},
		{
			"icon": "assets/images/owo/aru/E995BFE88D89_2x.png",
			"text": "$[阿鲁表情]::(长草)"
		},
		{
			"icon": "assets/images/owo/aru/E78CAEE9BB84E7939C_2x.png",
			"text": "$[阿鲁表情]::(献黄瓜)"
		},
		{
			"icon": "assets/images/owo/aru/E982AAE681B6_2x.png",
			"text": "$[阿鲁表情]::(邪恶)"
		},
		{
			"icon": "assets/images/owo/aru/E69C9FE5BE85_2x.png",
			"text": "$[阿鲁表情]::(期待)"
		},
		{
			"icon": "assets/images/owo/aru/E5BE97E6848F_2x.png",
			"text": "$[阿鲁表情]::(得意)"
		},
		{
			"icon": "assets/images/owo/aru/E59090E8888C_2x.png",
			"text": "$[阿鲁表情]::(吐舌)"
		},
		{
			"icon": "assets/images/owo/aru/E596B7E8A180_2x.png",
			"text": "$[阿鲁表情]::(喷血)"
		},
		{
			"icon": "assets/images/owo/aru/E697A0E68980E8B093_2x.png",
			"text": "$[阿鲁表情]::(无所谓)"
		},
		{
			"icon": "assets/images/owo/aru/E8A782E5AF9F_2x.png",
			"text": "$[阿鲁表情]::(观察)"
		},
		{
			"icon": "assets/images/owo/aru/E69A97E59CB0E8A782E5AF9F_2x.png",
			"text": "$[阿鲁表情]::(暗地观察)"
		},
		{
			"icon": "assets/images/owo/aru/E882BFE58C85_2x.png",
			"text": "$[阿鲁表情]::(肿包)"
		},
		{
			"icon": "assets/images/owo/aru/E4B8ADE69EAA_2x.png",
			"text": "$[阿鲁表情]::(中枪)"
		},
		{
			"icon": "assets/images/owo/aru/E5A4A7E59BA7_2x.png",
			"text": "$[阿鲁表情]::(大囧)"
		},
		{
			"icon": "assets/images/owo/aru/E591B2E78999_2x.png",
			"text": "$[阿鲁表情]::(呲牙)"
		},
		{
			"icon": "assets/images/owo/aru/E68AA0E9BCBB_2x.png",
			"text": "$[阿鲁表情]::(抠鼻)"
		},
		{
			"icon": "assets/images/owo/aru/E4B88DE8AFB4E8AF9D_2x.png",
			"text": "$[阿鲁表情]::(不说话)"
		},
		{
			"icon": "assets/images/owo/aru/E592BDE6B094_2x.png",
			"text": "$[阿鲁表情]::(咽气)"
		},
		{
			"icon": "assets/images/owo/aru/E6ACA2E591BC_2x.png",
			"text": "$[阿鲁表情]::(欢呼)"
		},
		{
			"icon": "assets/images/owo/aru/E99481E79C89_2x.png",
			"text": "$[阿鲁表情]::(锁眉)"
		},
		{
			"icon": "assets/images/owo/aru/E89CA1E7839B_2x.png",
			"text": "$[阿鲁表情]::(蜡烛)"
		},
		{
			"icon": "assets/images/owo/aru/E59D90E7AD89_2x.png",
			"text": "$[阿鲁表情]::(坐等)"
		},
		{
			"icon": "assets/images/owo/aru/E587BBE68E8C_2x.png",
			"text": "$[阿鲁表情]::(击掌)"
		},
		{
			"icon": "assets/images/owo/aru/E6838AE5969C_2x.png",
			"text": "$[阿鲁表情]::(惊喜)"
		},
		{
			"icon": "assets/images/owo/aru/E5969CE69E81E8808CE6B3A3_2x.png",
			"text": "$[阿鲁表情]::(喜极而泣)"
		},
		{
			"icon": "assets/images/owo/aru/E68ABDE7839F_2x.png",
			"text": "$[阿鲁表情]::(抽烟)"
		},
		{
			"icon": "assets/images/owo/aru/E4B88DE587BAE68980E69699_2x.png",
			"text": "$[阿鲁表情]::(不出所料)"
		},
		{
			"icon": "assets/images/owo/aru/E684A4E68092_2x.png",
			"text": "$[阿鲁表情]::(愤怒)"
		},
		{
			"icon": "assets/images/owo/aru/E697A0E5A588_2x.png",
			"text": "$[阿鲁表情]::(无奈)"
		},
		{
			"icon": "assets/images/owo/aru/E9BB91E7BABF_2x.png",
			"text": "$[阿鲁表情]::(黑线)"
		},
		{
			"icon": "assets/images/owo/aru/E68A95E9998D_2x.png",
			"text": "$[阿鲁表情]::(投降)"
		},
		{
			"icon": "assets/images/owo/aru/E79C8BE783ADE997B9_2x.png",
			"text": "$[阿鲁表情]::(看热闹)"
		},
		{
			"icon": "assets/images/owo/aru/E68987E880B3E58589_2x.png",
			"text": "$[阿鲁表情]::(扇耳光)"
		},
		{
			"icon": "assets/images/owo/aru/E5B08FE79CBCE79D9B_2x.png",
			"text": "$[阿鲁表情]::(小眼睛)"
		},
		{
			"icon": "assets/images/owo/aru/E4B8ADE58880_2x.png",
			"text": "$[阿鲁表情]::(中刀)"
		}
	],
	"颜文字": [
		{
			"icon": "|´・ω・)ノ",
			"text": "|´・ω・)ノ"
		},
		{
			"icon": "ヾ(≧∇≦*)ゝ",
			"text": "ヾ(≧∇≦*)ゝ"
		},
		{
			"icon": "(☆ω☆)",
			"text": "(☆ω☆)"
		},
		{
			"icon": "（╯‵□′）╯︵┴─┴",
			"text": "（╯‵□′）╯︵┴─┴"
		},
		{
			"icon": "￣﹃￣",
			"text": "￣﹃￣"
		},
		{
			"icon": "(/ω＼)",
			"text": "(/ω＼)"
		},
		{
			"icon": "∠( ᐛ 」∠)＿",
			"text": "∠( ᐛ 」∠)＿"
		},
		{
			"icon": "(๑•̀ㅁ•́ฅ)",
			"text": "(๑•̀ㅁ•́ฅ)"
		},
		{
			"icon": "→_→",
			"text": "→_→"
		},
		{
			"icon": "୧(๑•̀⌄•́๑)૭",
			"text": "୧(๑•̀⌄•́๑)૭"
		},
		{
			"icon": "٩(ˊᗜˋ*)و",
			"text": "٩(ˊᗜˋ*)و"
		},
		{
			"icon": "(ノ°ο°)ノ",
			"text": "(ノ°ο°)ノ"
		},
		{
			"icon": "(´இ皿இ｀)",
			"text": "(´இ皿இ｀)"
		},
		{
			"icon": "⌇●﹏●⌇",
			"text": "⌇●﹏●⌇"
		},
		{
			"icon": "(ฅ´ω`ฅ)",
			"text": "(ฅ´ω`ฅ)"
		},
		{
			"icon": "(╯°A°)╯︵○○○",
			"text": "(╯°A°)╯︵○○○"
		},
		{
			"icon": "φ(￣∇￣o)",
			"text": "φ(￣∇￣o)"
		},
		{
			"icon": "ヾ(´･ ･｀｡)ノ\"",
			"text": "ヾ(´･ ･｀｡)ノ\""
		},
		{
			"icon": "( ง ᵒ̌皿ᵒ̌)ง⁼³₌₃",
			"text": "( ง ᵒ̌皿ᵒ̌)ง⁼³₌₃"
		},
		{
			"icon": "(ó﹏ò｡)",
			"text": "(ó﹏ò｡)"
		},
		{
			"icon": "Σ(っ °Д °;)っ",
			"text": "Σ(っ °Д °;)っ"
		},
		{
			"icon": "( ,,´･ω･)ﾉ\"(´っω･｀｡)",
			"text": "( ,,´･ω･)ﾉ\"(´っω･｀｡)"
		},
		{
			"icon": "╮(╯▽╰)╭ ",
			"text": "╮(╯▽╰)╭ "
		},
		{
			"icon": "o(*////▽////*)q ",
			"text": "o(*////▽////*)q "
		},
		{
			"icon": "＞﹏＜",
			"text": "＞﹏＜"
		},
		{
			"icon": "( ๑´•ω•) \"(ㆆᴗㆆ)",
			"text": "( ๑´•ω•) \"(ㆆᴗㆆ)"
		},
		{
			"icon": "(｡•ˇ‸ˇ•｡)",
			"text": "(｡•ˇ‸ˇ•｡)"
		}
	]
}